,Unnamed: 0,question,example_answer,pred_answer,exact_matching,lm_evaluation
0,0,What state in the university of rockies which has the stegosaurus as an offical symbol located in?,"['Colorado', 'Centennial State', 'Colo', 'CO']",Colorado,True,True
1,1,Which country affected by Hurricane Irene has the largest army?,"['Dominican Republic', 'República Dominicana']",United States,False,False
2,2,In which Countries is the Al Ahram Beverages Co. Stella beer brewed?,"['Israel', 'State of Israel', 'Libya', 'Sudan', 'North Sudan', 'Republic of the Sudan', 'Jumhūrīyat as-Sūdān']",Egypt,False,False
3,3,What college was attended by the most known alumnus of State elementary school Menteng 1?,"['Columbia University', 'Columbia University, New York City', 'Columbia U', 'Columbia', 'Columbia University, main campus', 'CU']",Harvard,False,False
4,4,"Where did the subject of the image ""Matt Barnes Lakers"" play?","['Los Angeles Clippers', 'Clippersi', 'Lob City', 'San Diego Clippers', 'Los Angeles Lakers', 'Lakeshow', 'LA Lakers', 'Showtime', 'Lakers', 'The Lakers', 'Minneapolis Lakers']",Los Angeles Lakers,True,True
5,5,What form of government is used both in Spain and in the birthplace of AntÃ£o Martins Homem?,"['Monarchy', 'Kingdom']",parliamentary monarchy,False,False
6,6,Who plays Adolph Rupp and is also the father of Angelina Jolie?,"['Jon Voight', 'Jonathan Vincent Voight', 'Jonathan Vincent ""Jon"" Voight', 'John Voight']",Jon Voight,True,True
7,7,What area speaks portugese and was once ruled by Philip III of Spain?,"['Portugal', 'Portuguese Republic']",Portugal,True,True
8,8,Which Chicago venues have a capacity greater than 2344?,"['Wrigley Field', 'Wrigley Field, Chicago', 'The Friendly Confines']","United Center, Soldier Field",False,False
9,9,What movie that is 100 minutes long did Nick Cannon star in?,"[""Love Don't Cost a Thing"", ""Can't Buy Me Love"", ""Love Don't Co$t a Thing"", 'If You Were My Girl']",Drumline,False,False
10,10,The nation where Lopburi Province is located utilizes which type of currency?,['Thai baht'],Thai baht,True,True
11,11,Where is Afrikaans spoken in the West Africa Time Zone?,['Namibia'],Namibia,True,True
12,12,On which continent did the Chihuahua breed originate?,['North America'],North America,True,True
13,13,"What recurring event that began before 2006 is great to visit the next time I'm in San Jose, CA?","['Cinequest Film Festival', 'CQFF', 'Cinequest International Film Festival', 'Cinequest San Jose Film Festival']",Cinequest,False,False
14,14,Which currency is used in the country whose official language is the Jamaican English?,['Jamaican dollar'],Jamaican Dollar,True,True
15,15,Who was a member of the Democratic Party of Connecticut that became Connecticut's senator in 2010?,"['Joe Lieberman', 'Joseph I Lieberman', 'Sen. Joe Lieberman', 'Sen Joseph Lieberman', 'Senator Joe Leiberman', 'Joseph Isadore Lieberman', 'Senator Joseph Lieberman', 'Joseph I. Lieberman', 'Senator Joseph...",Richard Blumenthal,False,False
16,16,Manny Ramirez played for the now defunct sports team known as the Cleveland Naps as well as what other teams?,"['Cleveland Indians', 'Cleveland Bluebirds', 'Cleveland Blues', 'The Tribe', 'Cleveland Naps']",Chicago White Sox,False,False
17,17,The location that appointed Beatrix of the Netherlands to governmental position uses what type of money?,['Aruban florin'],Euro,False,False
18,18,What is the type of government of both the Mali Empire and the Bahamas Government.?,"['Unitary state', 'Unitary republic', 'Unitary']","Empire, Constitutional monarchy",False,False
19,19,Which Australian States have the government position of Treasurer?,"['Victoria', 'State Of Victoria', 'Vic', 'Victoria, Australia', 'Victoria', 'State Of Victoria', 'Vic', 'Victoria, Australia', 'Victoria', 'State Of Victoria', 'Vic', 'Victoria, Australia', 'Queensland', 'QLD', 'State Of...","New South Wales, Victoria, Queensland, Western Australia, South Australia, Tasmania",False,False
20,20,Team owner Jim Irsay last won which Super Bowl?,['Super Bowl XLI'],Unknown.,False,False
21,21,What basketball team with head coach Brian Shaw does Stan Kroenke own?,"['Denver Nuggets', 'Denver Larks', 'Denver Rockets', 'Nuggets']",Denver Nuggets,True,True
22,22,What are the languages spoken in the governmental jursidiction where the 54th Brazilian National Congress was held?,"['Italian Language', 'Italiano', 'Italian', 'Brazilian Portuguese', 'Portuguese Language', 'Portuguese', 'Portugese', 'Portuguese language', 'Português']",Portuguese,True,True
23,23,What location ruled by Hamad bin Khalifa Al Thani is Arabic used?,"['Qatar', 'Dawlat Qaṭar', 'State of Qatar']",Qatar,True,True
24,24,"Which US President the Baron de Montesquieu influence, and had the smallest presidency number as well?","['John Adams', 'Bonny Johnny', 'Old Sink or Swim', 'Atlas of Independence', 'The Colossus of Independence', 'The Duke of Braintree', 'His Rotundity']",Thomas Jefferson,False,False
25,25,Which super bowls occured after 1978-01-15 and were won by the Dallas Cowboys?,"['Super Bowl XXVIII', 'Super Bowl XXVII', 'Super Bowl 30', 'Super Bowl XXX']","Super Bowl XII, Super Bowl XXVII, Super Bowl XXVIII",False,True
26,26,"Where should a family stay in the city where the main character of Jacques Lacan, la psychanalyse rÃ©inventÃ©e was born?","['Hôtel de Crillon', 'Hotel de Crillon', 'Hôtel de Crillon, Paris', 'Hôtel Ritz Paris', 'Hotel Ritz Paris']",3rd arrondissement of Paris,False,False
27,27,What provinces are located in the country with The Hague?,"['Friesland', 'Fryslân', 'Provincie Friesland', 'Limburg', 'Provincie Limburg', 'South Holland', 'Provincie Zuid-Holland', 'Provinciezuidholland', 'Sudholland', 'Zuid-Holland', 'Flevoland', 'Provincie Flevoland', 'Groningen', 'Provincie Groningen', 'Utrecht', 'Provincie Utrecht', 'Zeeland', 'Provincie...",Warren County,False,False
28,28,"In which timezone is the location where the film ""Holiday in the Sun"" occurs?","['UTC−05:00', 'UTC-5', 'UTC -5', 'UCT-5', 'Eastern Time Zone', 'North American Eastern Time Zone', 'Eastern Time', 'Eastern Daylight Time', 'Eastern Standard Time Zone', 'Eastern Standard Time']",Los Angeles,False,False
29,29,In which years did the Detroit Pistons win the NBA Championship and the Los Angeles Lakers finish as runners-up?,"['2004 NBA Finals', '1989 NBA Finals']",2004,False,False
30,30,"What venue near Bangkok that has the capacity of 49,772?","['Rajamangala Stadium', 'Rajamangala Stadium, Bangkok', 'Rajmangala Stadium']",Indoor Stadium Huamark,False,False
31,31,"Which governmental party did the person that said ""I destroy my enemy when I make him my friend."" belong to?","['Republican Party', 'United States Republican Party', 'Grand Old Party', 'Republican', 'GOP', 'Whig Party', 'Whig', 'United States Whig Party', 'National Union Party', 'National Union', 'Illinois Republican...",None,False,False
32,32,"What Super Bowl did the team win whose fight song is ""Seven Nation Army""?","['2001 AFC Championship Game', '2013 AFC Championship Game', 'Super Bowl XLVII', 'Super Bowl 2013', 'Super Bowl 47', 'Super Bowl XXXV']",Super Bowl XLV,False,False
33,33,What country that participated in the Vietnam War that is the location where Vicki Buck was born?,"['New Zealand', ""God's own"", 'NZ', 'Land of the long white cloud', 'Aotearoa']",Republic of Vietnam,False,False
34,34,"When pror to October 16, 1983 did the Baltimore Orioles win the World Series?","['1966 World Series', '1966 World', '1970 World Series', '1970 World']","1970, 1966",False,False
35,35,What major sport in Venezuela is played in the Polideportivo Cachamay stadium?,"['Venezuela national football team', ""Venezuela Men's National Soccer Team"", 'Venezuela Soccer Team', ""Venezuela Men's Football Team"", 'The Burgundy', 'Venezuela National Football Team', 'Venezuela national football',...",Football,False,False
36,36,From what region does the Central Anatolian Shepherd Dog come?,['Eurasia'],Central Anatolia,False,False
37,37,"What country, that uses the Cornish Language, did James Watt come from?",['Kingdom of Great Britain'],United Kingdom,False,True
38,38,People from the country that contains Trelawny Parish speak what language(s)?,"['Jamaican English', 'Jamaican Creole English Language', 'Patois', 'Patwa', 'Bongo Talk', 'Southwestern Caribbean Creole English', 'Jamaican Creole English', 'Quashie Talk', 'Panamanian Creole English', 'Limón Creole English']",English,False,False
39,39,What is the form of government in the country where the main campus of the Asian College of Science and Technology is located?,"['Presidential system', 'Presidential', 'Unitary state', 'Unitary republic', 'Unitary', 'Republic', 'Constitutional republic', 'Constitutional']",Presidential republic,False,True
40,40,What made Jimi Hendrix and Inessa Kraft great?,['Artist'],Musical talent and influences.,False,False
41,41,What is the capital city of the country whose capital is Santo Domingo?,"['Santo Domingo', 'Santo Domingo, Dominican Republic']",Santo Domingo,True,True
42,42,What country was once ruled by Queen Elizabeth II and has Peel as a second level divison?,"['Isle of Man', 'Mann', 'Ellan Vannin']",Australia,False,False
43,43,What is the mascot name of the educational institution that is Clemson University?,"['Clemson University The Tiger', 'The Tiger and the Cub']",Tigers,False,False
44,44,What country has a second division football league of Palmas and has one of it's languages spoken as Italian?,"['Brazil', 'Brazilian ', 'República Federativa do Brasil', 'Brasil', 'Federative Republic of Brazil']",Brazil,True,True
45,45,What movies did Chris Farley act in that are 82 minutes long?,"['Dirty Work', 'Billy Madison']",None.,False,False
46,46,What Matt Dallas movies have been released to the Theatrical distribution medium?,"['Wannabe', 'Meet Ronnie Deli', 'Wannabe', 'Meet Ronnie Deli', 'Wannabe', 'Meet Ronnie Deli', ""Wyatt Earp's Revenge"", 'The First Ride Of Wyatt Earp', ""Wyatt Earp's Revenge"", 'The...",Unknown.,False,False
47,47,"In the country who has an office holder Tony Tan, what language is used?","['Chinese language', 'Sinitic language family', 'Chinese language family', 'Chinese', 'English Language', 'Sekgoa', 'Anglit', 'English language', 'English', 'Tamil Language', 'Thamizh', 'Tamal', 'Damulian', 'Tamili', 'Tamalsan', 'Tambul', 'Tamil']",English,True,True
48,48,What school was nominated for both the #1 video award and the World Music award for viewers choice?,"['Montclair College Preparatory School', 'Montclair College Preparatory']",Unknown.,False,False
49,49,What other language does the country that speaks Domari speak?,"['Modern Standard Arabic', 'High Arabic', 'Fasih', 'Modern Literary Arabic', 'Arabic, Standard', 'Al Arabiya', 'Al Fus-ha']",Arabic,False,False
50,50,"What college was attended by the lyracist for ""Stop This Train?""?","['Berklee College of Music', 'Berklee College of Music, Boston', 'Berklee College of Music, main campus', 'Berklee College of Music Inc']",Pomona College,False,False
51,51,What stop motion movies did Taylor Lautner star in?,"['The Adventures of Sharkboy and Lavagirl', 'The Adventures of Sharkboy and Lavagirl 3-D']",None.,False,False
52,52,Which Michael Jackson brothers and sisters were the composers of Billie Jean?,"['La Toya Jackson', 'Toy', 'Toya', 'La Toya Dzhekson', 'La Toya Yvonne Jackson', 'La Toya', 'LaToya Yvonne Jackson', 'Toy-Toy', 'LaToya Jackson', 'Jackie Jackson', 'Sigmund Esco ""Jackie""...",Michael Jackson,False,False
53,53,Where did Jack London get an education with less than 25540 undergrads?,"['University of California, Berkeley', 'UC Berkeley', 'University of California, Berkeley main campus', 'University of California, Berkeley Campus', 'Cal', 'Berkeley']",Oakland High School,False,False
54,54,"Who created the Federal Reserve Board and ended his political position before December 31, 1932?","['Woodrow Wilson', 'Franklin D. Roosevelt', 'Wilson, Woodrow', 'Thomas Woodrow Wilson', 'The Schoolmaster', 'Schoolmaster in Politics', 'The Professor', 'Coiner of Weasel Words', 'The Phrasemaker', 'Carter Glass',...",Woodrow Wilson,True,True
55,55,What language is spoken in the country with Government of Ghana?,"['English Language', 'Sekgoa', 'Anglit', 'English language', 'English']",English,True,True
56,56,Which country was the birthplace of Anita Fernandini de Naranjo and speaks Spanish as a primary language?,['Peru'],Peru,True,True
57,57,What country in North America continent that has the ISO numeric of 028?,['Antigua and Barbuda'],Canada,False,False
58,58,Which schools did the Associate Director of the White House Office of Public Liaison attend?,"['Harvard Law School', 'Harvard University School of Law', 'Harvard Law School, Cambridge', 'Harvard Law School, main campus', 'Harvard Law', 'Columbia University', 'Columbia University, New York...",Unknown.,False,False
59,59,What major languages are spoken at the governmental juristiction with a governmental body named Hellenic Parliament?,"['Greek Language', 'Graecae', 'Neo-hellenic', 'Greek', 'Greco', 'Modern Greek (1453-)', 'Romaic', 'Grec', 'Ellinika']",Greek,True,True
60,60,What politician won the governor election in the country where the foofical symbol is Coqui?,"['Luis Fortuño', 'Luis Fortuno', 'Luis Guillermo Fortuño Burset', 'Alejandro García Padilla', 'Alejandro Javier García Padilla']",Nelson Mandela,False,False
61,61,"What colleges did the subject of the film, King: A Filmed Record... Montgomery to Memphis, attend?","['Morehouse College', 'Morehouse', 'Morehouse College, Atlanta', 'Morehouse College, main campus', 'Crozer Theological Seminary', 'Crozer Theological Seminary, main campus', 'Boston University', 'BU', 'Boston']",Unknown,False,False
62,62,Which 110.0 minute long did Ian Somerhalder appear in?,"['The Rules of Attraction', 'The Rules Of Attraction']",The Vampire Diaries,False,False
63,63,Who was influenced by Karl Mark to create the Chinese Communist Party?,"['Mao Zedong', 'Chairman Mao', 'Zedong Mao', 'Mao Runzhi', 'The Great Helmsman', 'Mao Tse-Tung']",Li Dazhao,False,False
64,64,What college has 5835 postgraduates and includes Jay Cutler in their list of alumni?,"['Vanderbilt University', 'Vanderbilt', 'Vanderbilt University, Nashville', 'Vanderbilt University, main campus', 'VU', 'Vandy']",Vanderbilt University,True,True
65,65,Where in NYC did Madoff live that also has co2 emissions of 4.66660337?,"['Queens', 'Queens, New York City', 'Queens County', 'Queens County, New York']",370 Jay Street,False,False
66,66,In what city does the actor nominated for Young Hollywood Award for Fan Favorite Album reside?,"['New York City', 'The City that Never Sleeps', 'New York, U.S.A.', '/m/02_286', 'New Yrok City', 'New York City, New York, USA', 'Empire City', 'City of...",Unknown.,False,False
67,67,Where was the artist that recorded  I Want You To Know (Fox Stevenson Remix) born?,"['Grand Prairie', 'Grand Prairie, Texas', 'Tarrant County / Grand Prairie city']",United States,False,False
68,68,"In the country htat has a capital of Santo Domingo, what known vacation spots are often frequented?","['Samaná Bay', 'Los Haitises National Park', 'Los Haitises National', 'Pico Duarte', 'Punta Espada Golf Course', 'Columbus Lighthouse', 'The Colombus Lighthouse', 'Faro a Colón', 'National Palace',...",Caribbean Sea,False,False
69,69,What currency is used in the country with governmental office holder named Prayut Chan-o-cha?,['Thai baht'],Thai baht,True,True
70,70,"Who is sponsered by Nike, Inc. that Tim Howard has played for?","['Manchester United F.C.', 'Manchester United', 'Manchester United Football Club', 'Man Utd', 'Manchester United FC', 'Newton Heath LYR Football Club', 'Man United', 'The Red Devils']",Generation Adidas,False,False
71,71,Where do the Turkish people originate from with the smallest ISO numeric?,"['Algeria', ""The People's Democratic Republic of Algeria"", ""People's Democratic Republic of Algeria""]",Turkey,False,False
72,72,What large body of water does the river flowing under Allenby Bridge flow into?,"['Dead Sea', 'Sea of Salt', 'Salt Sea', 'Yām HaMā́weṯ', 'Dead', 'Yām HaMélaḥ', 'The Sea of Death']",Dead Sea,True,True
73,73,Who owned Chrysler Corporation in 2012 that wrote Marine Bayonet Training?,"['Federal government of the United States', 'U.S. government', 'managing organization for the United States', 'US Government', 'American Government', ""the United States's government"", 'United States: Federal...",Michael Manley,False,False
74,74,Which Jewish actress played Princess Leia's mother?,"['Natalie Portman', 'Natalie Hershlag', 'Nat']",Natalie Portman,True,True
75,75,"What are the languages used for communication in the nation where the national anthem is Land der Berge, Land am Strome?","['Bavarian Language', 'Bavarian Austrian', 'Bavarian', 'Bairisch', 'Ost-oberdeutsch', 'Bavarian-austrian', 'Bayerisch', 'Bosnian language', 'Bosnian', 'Turkish Language', 'Turkish', 'Türkisch', 'Turki', 'Osmanli', 'Türkçe', 'Anatolian', 'Turkish language', 'Hungarian language', 'Hungarian...",German,True,True
76,76,Where was the Palace of Knossos located that contains the wine regions that produces Retsina wine?,"['Greece', 'Hellenic Republic', 'Hellas']",Crete,False,False
77,77,Which writer who died from a heart attack inspired Steinbeck to write?,"['William Faulkner', 'William J. Faulkner', 'Bill', 'William Cuthbert Faulkner', ""Count No' Count"", 'Willia Faulkner', 'William Cuthbert Falkner', 'Will Faulkner']",Ed Ricketts,False,False
78,78,To which political party did the person to whom William Howard Taft dedicated his work belong?,"['Republican Party', 'United States Republican Party', 'Grand Old Party', 'Republican', 'GOP', 'Whig Party', 'Whig', 'United States Whig Party', 'National Union Party', 'National Union', 'Illinois Republican...",Republican Party,True,True
79,79,Who wrote International Social Justice for developing countries and became president of Venezuela?,"['Rafael Caldera', 'Rafael Antonio Caldera Rodríguez']",Nicolás Maduro,False,False
80,80,"Of the five countries which border Romania, which country, is the location that appointed Viktor Yanukovych to a governmental position?","['Ukraine', 'Ukraine Region']",Ukraine,True,True
81,81,What team plays at Lincoln Financial Field and had Hanjk Baskett play for during Novermber of 2010.?,"['Philadelphia Eagles', 'Eagles']",Philadelphia Eagles,True,True
82,82,The person who invented adjustable and detachable straps for garments is also known for what occupations?,"['Teacher', 'Novelist', 'Humorist', 'Writer', 'Scribe', 'Author', 'Journalist', 'Repórter', 'Author', 'Writer']","inventor, engineer",False,False
83,83,What is the timezone for the jurisdiction governed by the Politics of Sweden?,"['Central European Time Zone', 'Central European Time']",UTC+01:00,False,False
84,84,"In what city, which has the government position Assistant United States Attorney, is Howard University located?","['Washington, D.C.', 'Washington D.C.', 'Washington', 'The District', 'U.S. Capital', 'District of Columbia / Washington city', 'The District of Columbia', 'District of Columbia', 'Washington DC']","Washington, D.C.",True,True
85,85,"What currency is used in the country that serves as the setting of the movie ""Frida?""?",['Mexican peso'],Mexican peso,True,True
86,86,What country of Sahel does the Niger River flow through whose capital is Bamako?,['Mali'],Mali,True,True
87,87,"What is the form of government of the Communist Party of China, which includes a Chairman?","['Communist state', 'Communist', 'Socialist state', 'Socialist', 'Socialist Republic', 'Single-party state', 'Single-party']",Single-party socialist state,False,True
88,88,Which country has the smalllest army and the official language is German?,"['Luxembourg', 'Grand Duchy of Luxembourg']",Liechtenstein,False,False
89,89,What team does Lamar Play for that was founded before 1959?,"['New York Knicks', 'Knicks', 'Los Angeles Lakers', 'Lakeshow', 'LA Lakers', 'Showtime', 'Lakers', 'The Lakers', 'Minneapolis Lakers']",None.,False,False
90,90,What type of music does the actor that played the character Maggie Jackson sing?,"['Blues', 'Blues music', 'Swing music', 'Swing', 'Ballad', 'Jazz', 'Vocal jazz', 'Bebop', 'Traditional pop music', 'Pop standards', 'Classic pop', 'Traditional pop']",singer,False,False
91,91,Who is the son of the actress who played Dolly Piliker?,"['Elijah Blue Allman', 'Elijah Allman', 'Allman, Elijah Blue', 'Phillips Exeter Blue', 'elijah_blue_allman', 'Exeter', 'Elijah Blue', 'P. Exeter Blue', 'Chaz Bono', 'Chastity Sun Bono', 'Chastity Bono',...",No information provided.,False,False
92,92,What work featuring Ashley Greene was released on 24 January 2007?,"['King of California', 'California Treasure']",LOL,False,False
93,93,Who is a member of Legion of Honour that inspired Michael Jackson to sing?,"['Walt Disney', 'Walter Elias ""Walt"" Disney', 'Retlaw Yensid', 'Disney Walt', 'Retlaw Elias Yensid', 'Walter Elias Disney', 'Walter Disney', 'Mickey Mouse', 'Uncle Walt', 'Mr. Disney']",Jackie Wilson,False,False
94,94,What point of interest is located at Prinsengracht 263-267 in Amsterdam?,"['Anne Frank House', 'The Annexe, Amsterdam']",Anne Frank House,True,True
95,95,Which influencer of Samuel Taylor Coleridge died in Chalfont St Giles?,"['John Milton', 'Milton, John', 'Johnny Milton']",George Coleridge,False,False
96,96,What teams did Charles Barkley play for that was founded after 1946?,"['Houston Rockets', 'Suns', 'Phoenix Suns', 'San Diego Rockets', 'Rockets']","Phoenix Suns, Houston Rockets",False,True
97,97,Which player started his career late and went on to be the Vancouver Canucks coach?,['Doug Lidster'],Travis Green,False,False
98,98,"What products were produced by Keyhole, Inc?","['Google Classroom', 'Google Drive', 'Google Drive', 'GDrive', 'Drive', 'Apache Wave', 'Apache Wave', 'Google Wave', 'Google Earth', 'Google Buzz', 'Google Docs, Sheets, and Slides', 'Docs', 'Google...",Unknown,False,False
99,99,What year did the Red Sox beat the Colorado Rockies to win the pennant?,"['2007 World Series', '2007 World']",2007,False,False
100,100,In which of the Nordic countries is BokmÃ¥l one of the country's official languages?,"['Norway', 'Norge', 'Kingdom of Norway']",Norway,True,True
101,101,Please list the litigant's children in the Trial of Michael Jackson?,"['Paris-Michael Katherine Jackson', 'Peashe', 'Yab Yab', 'Paris Jackson', 'Michael Joseph Jackson, Jr.', 'Prince Michael Jackson I', 'Prince', 'Prince Michael', 'Prince Michael Jackson II', 'Blanket', 'Prince...","Prince, Paris, and Blanket",False,True
102,102,Who is the coach of the team that calls Bank of America Stadium their home?,['Ron Rivera'],Matt Rhule,False,False
103,103,"What is a popular religion in the location where the movie ""Amen"" takes place?","['Catholicism', 'Roman Catholic convert', 'Roman Catholic']",Catholicism,True,True
104,104,Where is Glastonbury located that has a symbol that was adapted in 1943?,"['Connecticut', 'Nutmeg State', 'Constitution State', 'CN', 'conn', 'CT']",United Kingdom,False,False
105,105,What college did the actor who plays Gen attend?,"['Baylor University', 'BU', 'Baylor', 'Baylor University, main campus']",unknown,False,False
106,106,What type of money is used in the country where  Ridna Marka Pshenychne Weissbier Etalon beer is produced?,"['Ukrainian hryvnia', 'Ukrainian Hrivna']",Ukrainian hryvnia,True,True
107,107,What language is spoken in the country that Southern Leyte is located?,"['Filipino language', 'Filipino', 'English Language', 'Sekgoa', 'Anglit', 'English language', 'English']",Cebuano,False,False
108,108,What languages are spoken in the country of origin for the Schweizer Laufhund breed?,"['Italian Language', 'Italiano', 'Italian', 'German Language', 'German, Standard Language', 'Deutsch', 'German', 'Tedesco', 'High German', 'Hochdeutsch', 'German, Standard', 'French', 'Francais', 'Français', 'French', 'French language', 'Romansh language',...","German, French",False,False
109,109,Which school that Sir Ernest Rutherford attended has the latest founding date?,"['University of Canterbury', 'University of Canterbury Campus', 'University of Canterbury, Christchurch', 'University of Canterbury Campus, Christchurch']",University of Canterbury,True,True
110,110,What country in North America has the country calling code of 502?,"['Guatemala', 'Guatemala.']",Canada,False,False
111,111,What country with the calling code 378 speaks Italian?,"['San Marino', 'Serenissima Repubblica di San Marino', 'Repubblica di San Marino', 'Most Serene Republic of San Marino', 'Republic of San Marino']",Italy,False,False
112,112,What languages are spoken in the region where the Boerboel greed originated?,"['Gujarati Language', 'Gujarati', 'Gujrathi', 'Gujerathi', 'Gujerati', 'Dutch Language', 'Nederlandse taal', 'Nederlands', 'Hollands', 'Dutch', 'English Language', 'Sekgoa', 'Anglit', 'English language', 'English', 'Nama Language', 'Nama', 'Khoekhoe language',...","Afrikaans, English",False,False
113,113,Which city is located in the country whose national anthem is Brabanconne?,"['Brussels', 'Bruxelles', 'Brüssel', 'Brussels?', 'Brussel']",Brussels,True,True
114,114,Who practiced Lutheranism and was the creator of Pixar?,"['Steve Jobs', 'Steven Paul ""Steve"" Jobs', 'Steven Paul Jobs']",Edwin Catmull,False,False
115,115,Which country that Nina Dobrev is a citizen of has Tsarevo municipality as a second level division?,"['Bulgaria', 'Republic of Bulgaria']",Bulgaria,True,True
116,116,What 2014 Sydney Film Festival debut starrs Robert Pattinson?,['The Rover'],The Rover,True,True
117,117,What movie directed by Ron Howard that was released to the distribution medium DVD?,"['Apollo 13', 'Apollo 13 movie', 'Apollo-13', 'Apolo 13', 'Apollo 13: The IMAX Experience', 'Apollo 13', 'Apollo 13 movie', 'Apollo-13', 'Apolo 13', 'Apollo 13: The IMAX...",Angels & Demons,True,True
118,118,Which film based on a novel by Jane Austen was produced by Columbia Pictures?,"['Sense and Sensibility', 'Sinn und Sinnlichkeit', 'Sense And Sensibility', 'Raison et sentiments']",Pride and Prejudice,False,False
119,119,Who was the inspiration behind the speaker who gave the Energy development speech?,"['Saul Alinsky', 'Saul David Alinsky', 'Reinhold Niebuhr', 'Nipsey Russell', 'The Poet Laureate of Comedy', ""Harlem's Son of Fun"", 'Julius ""Nipsey"" Russell', 'Julius Russell', 'Russell, Nipsey',...",Edward Washburn Kellogg,False,False
120,120,What is the name of the president in the country where Maccabee beer is made?,"['Reuven Rivlin', 'Ruvi Rivlin', 'Rubi Rivlin']",Reuven Rivlin,True,True
121,121,What is the venue with the largest capacity in Nashville?,"['Bridgestone Arena', 'Sommet Center, Nashville', 'Gaylord Entertainment Center']",Bridgestone Arena,True,True
122,122,Who was the first spouse of the recording artist for Country Comfort?,"['Renate Blauel', 'Renate Ruth Margot Blauel', 'Renate Ruth Margot John']",Carmen Electra,False,False
123,123,"Of which bands was the actor from ""Hard 'N' Heavy: Vol. 2"" part?","['Greg Kihn Band', 'Greg Khin', 'Greg Khin Band', 'Kihn, Greg, Band', 'The Greg Kihn Band', 'The Greg Khin Band', 'The G3 Jam', 'G3 Jam, The',...",Unknown.,False,False
124,124,What was the first wife of the actor who played in the movie Pinball Wizard?,"['Renate Blauel', 'Renate Ruth Margot Blauel', 'Renate Ruth Margot John']",unknown,False,False
125,125,What German speaking country that has an army less than 35736?,"['Belgium', 'Grand Duchy of Luxembourg', 'Switzerland', 'Ostarrichi', 'Republic of Austria', 'Österreich', 'Oesterreich', 'Autriche', 'Austria', 'Belgique', 'België', 'Kingdom of Belgium', 'Luxembourg', 'La Suisse', 'Helvetia', 'Svizzera', 'Svizra',...",Liechtenstein,False,False
126,126,What county is the governmental jurisdiction where Anthony Silva is a governmental office holder?,['San Joaquin County'],San Joaquin County,True,True
127,127,"Where was the person who said ""You aren't learning anything when you're talking,"" from?","['Stonewall', 'Stonewall, Texas', 'Gillespie County / Stonewall CDP']",United States,False,False
128,128,In which continent does a Member of the Parliament of South Africa serve?,"['Africa', 'Afrique']",Africa,True,True
129,129,Who were the siblings of the person who attended Weston House Academy's educational institution?,"['Melville James Bell', 'Edward Charles Bell', 'Ted']","Michael Weston, Lyndsy Fonseca, Jesse Spencer, Maria Thayer, Nicholas D'Agosto",False,False
130,130,What major religions are practiced in the country where Leonid Lebedev is in office?,"['Russian Orthodox Church', 'Russian Orthodox', 'Islam']","Christianity, Islam",False,False
131,131,What city has a famous person which was born on 06/21/1945 and was a host of Euro 2012?,"['Lviv', 'Львів', 'Lvov', 'Львов', 'Lwów', 'Lemberg']",Warsaw,False,False
132,132,What movie was Matt Dallas in that was decorated by Winona Yu?,['The Ghost of Goodnight Lane'],No relevant information found.,False,False
133,133,Which of the teams for which Jim Harbaugh played was founded first?,"['Michigan Wolverines football', ""Michigan Men's Football"", 'Michigan Mens Football', ""University of Michigan Men's Football"", ""Michigan Wolverines Men's Football"", 'University of Michigan Wolverines Mens Football', 'University...",Indianapolis Colts,False,False
134,134,When was the pennant won by the team that won the 1986 World Series championship?,"['1986 World Series', '1986 World', '1969 World Series', '1969 World']",1986,False,False
135,135,Which television program starring Mark Harmon was directed by Vincent Sherman?,['The Dream Merchants'],NCIS,False,False
136,136,The artist of the concert tour George Michael Live in Australia went to what school?,"['Bushey Meads School', 'Bushey Meads']",Bushey Meads School,True,True
137,137,Which book published before 1999 was authored by Niccolo Machiavelli?,['The Prince'],The Prince,True,True
138,138,"What musical artist produced the album ""Pulse"" and sung for Pink Floyd?","['David Gilmour', 'Gilmour, David', 'Pink Floyd', 'Dave Gilmore', 'Dave Gilmour', 'David Gilmore', 'David John Gilmour', 'David Jon Gilmour']",Pink Floyd,True,True
139,139,Which person with a medical condition known as Goitre did Bill Clinton run against?,"['George H. W. Bush', 'George Bush', 'Bush 41', 'George Bush senior', 'Bush Senior', 'George Bush Sr.', 'President Bush', 'George Herbert Walker Bush', 'President George H.W....",Bob Dole,False,False
140,140,Which actor who portrayed John Connor was the executive producer of Harsh Times?,"['Christian Bale', 'Christian Charles Philip Bale', 'Christian Charles Phillip Bale', 'Christian Morgan Bale']",Christian Bale,True,True
141,141,What degrees does the speaker for the 70th anniversary of D-Day and the Battle of Normandy hold?,"['Juris Doctor', 'JD', 'Law Degree', 'degree in law', 'J.D.', 'Doctorate of Jurisprudence', 'Bachelor of Arts', 'AB', 'BA', 'Bachelor', 'BA (Hons)', 'Artium Baccalaureus', 'A.B.']",Unknown.,False,False
142,142,"Who is the spouse of the actor who played in ""TV's 50 Funniest Catch Phrases""?",['Robert Godley'],Unknown,False,False
143,143,Where did the subject of the image 464px-Kate_Middleton_at_the_Garter_Procession_2008.jpg attend prep school?,"[""St Andrew's School, Pangbourne""]",Unknown,False,False
144,144,"What picture is at once associated with director Ron Howard as well as the film ""Angels & Demons""?",['The Lost Symbol'],The Sistine Chapel,False,False
145,145,Which political party did both Lincoln and Hiram Batchelder belong to?,"['Republican Party', 'United States Republican Party', 'Grand Old Party', 'Republican', 'GOP']",Republican Party,True,True
146,146,"In the place with an official symbol of Nene, who is the 2012 senator?","['Mazie Hirono', 'Hirono Keiko', 'Mazie Keiko Hirono', 'Meijī Hirono']",Nenê,False,False
147,147,"Who wrote the screenplay for the film ""Young Widow"" and married actress Veronica Lake?","['André de Toth', 'André de Toth', 'Tóth Endre', 'Andre Toth', 'André DeToth', 'Sasvári Farkasfalvi Tóthfalusi Tóth Endre Antal Mihály', 'Sâsvári Farkasfalvi Tóthfalusi Tóth Endre Antal...",Richard Macaulay,False,False
148,148,"What famous item was invented by the politician who stated, ""Eat to please thyself, but dress to please others?""?",['Franklin stove'],Necktie,False,False
149,149,Which of Betty White's husbands was born in Toronto?,"['Lane Allen', 'Lane Allan', 'Albert Edward Wootten']",Allen Ludden,False,False
150,150,"Who is married to the composer of ""I Can't Hate You Anymore?""?","['Vanessa Lachey', 'Vanessa Joy Minnillo', 'Vanessa Minnillo', 'Vanessa Joy Lachey', 'Vanessa Lachey', 'Nessa']",No information available.,False,False
151,151,What movies in which Zac Efron starred had costumes designed by Martha Bissell?,"[""Melinda's World""]",None.,False,False
152,152,Where is the headquarters of the organization led by David Keene?,"['Fairfax', 'The Fairfax Corporation', 'Fairfax city', 'Fairfax Acres, Virginia', 'Fairfax Acres', 'Fairfax city / Fairfax city', 'Fairfax, VA', 'Riverview', 'Fairfax, Virginia']",United States,False,False
153,153,What Chris Farley movie was released on 27 February 1992?,"[""Wayne's World"", ""Wayne's world: ¡qué desparrame!"", 'Olumo Shel Wayne', 'Quanto Mais Idiota Melhor', ""Swiat Wayne'a"", 'O apithanos kosmos tou Wayne', 'Waynov svet', 'Fusi di testa',...",Wayne's World,True,True
154,154,What language do they speak in the country with a government official titled the Prime Minister of Jamaica?,"['Jamaican English', 'Jamaican Creole English Language', 'Patois', 'Patwa', 'Bongo Talk', 'Southwestern Caribbean Creole English', 'Jamaican Creole English', 'Quashie Talk', 'Panamanian Creole English', 'Limón Creole English']",English,False,False
155,155,What team that won the 1957 PequeÃ±a Copa del Mundo de Clubes championship did David Villa play for?,"['FC Barcelona', 'Futbol Club Barcelona', 'FCB', 'Blaugrana', 'Barcelona', 'Barça']",Barcelona,True,True
156,156,What representatives are from the state that uses the Aquilegia caerulea as an official symbol?,"['Mark Udall', 'Rep. Mark Udall', 'Sen. Mark Udall', 'Mark Emery Udall', 'Michael Bennet']",Indiana,False,False
157,157,What actor starred as Jan Edgecomb was featured as Sarah Wittle in the movie Jumanji?,"['Bonnie Hunt', 'Bonnie Lynne Hunt', 'Bonnie Lynn Hunt']",Karen Gillan,False,False
158,158,Who has a hearing loss and played Captain Kirk?,"['William Shatner', 'Bill', 'The Shat', 'Bill Shatner', 'William Shanter', 'William Schattner', 'Billy', 'Fear of Pop', 'William Alan Shatner']",William Shatner,True,True
159,159,What language is spoken in the country where Czechvar Premium Czech Lager is made?,"['Romani language', 'Romany', 'Romani', 'Romany language', 'Rusyn Language', 'Carpathian', 'Carpatho-rusyn', 'Rusyn', 'Ruthenian', 'Bulgarian Language', 'Bulgarian', 'Български език', 'Balgarski', 'Pomak', 'Czech Language', 'Czech', 'Bohemian', 'Cestina', 'Czech...",Czech,True,True
160,160,"In what location did the ""It's So Hard"" lyricist die?","['New York City', 'The City that Never Sleeps', 'New York, U.S.A.', '/m/02_286', 'New Yrok City', 'New York City, New York, USA', 'Empire City', 'City of...",New York City,True,True
161,161,"What was the religion of the writer of ""A Tale of Two Cities?""?","['Anglicanism', 'Anglican']",Christianity,False,False
162,162,"Where was the author of ""Profiles in Courage"" when he was shot?","['Dallas', 'Dallas, Texas', 'Dallas, TX', 'Rockwall County / Dallas city']",Dallas,True,True
163,163,What is the official language of the EU where the main country speaking it is Germany?,"['German Language', 'German, Standard Language', 'Deutsch', 'German', 'Tedesco', 'High German', 'Hochdeutsch', 'German, Standard']",German,True,True
164,164,Which movies were filmed at Washougal that Taylor Lautner stared in?,"['Twilight', 'Twilight - La fascination', 'Sumrak', 'Twilight - Evighetens kyss', 'Сумерки', 'Twilight: Chapitre 1 - Fascination', 'Alacakaranlik', 'Twilight - Houkutus', 'Lykofos', 'Bindi', 'Zmierzch', 'Crepusculo', 'Towairaito...",None.,False,False
165,165,What other languages are used in the country where breed Entlebucher Mountain dog originated from?,"['Italian Language', 'Italiano', 'Italian', 'German Language', 'German, Standard Language', 'Deutsch', 'German', 'Tedesco', 'High German', 'Hochdeutsch', 'German, Standard', 'French', 'Francais', 'Français', 'French', 'French language', 'Romansh language',...",German,True,True
166,166,Which countries does the country containing Cook Islands export to?,"['Japan', 'Nippon-koku', 'JPN', 'Япония', 'JAP', 'Nihon', 'Dai-Nippon', 'Nippon', 'NTSC J', 'Japan', 'State of Japan', 'Land of the Rising Sun', 'Nihon-koku', 'Kiribati', 'Republic of Kiribati', 'Gilbert...",Unknown,False,False
167,167,"When the person about whom the movie ""King: A Filmed Record... Montgomery to Memphis"" was shot, where was he?","['Memphis', 'Memphis, Tennessee', 'Shelby County / Memphis city']",Memphis,True,True
168,168,What sports team was founded in 1996 and is owned by Kroenike?,"['St. Louis Rams', 'Royal Arsenal', 'The Gunners', 'Woolwich Arsenal', 'Arsenal Gunners', 'Dial Square', 'Arsenal', 'Arsenal Football Club', 'Arsenal FC', 'Arsenal F.C.', 'Saint Louis Rams', 'Denver...",Colorado Avalanche,False,False
169,169,From which basque speaking country is the sports team %place place?,"['France', ""l'Hexagone"", 'République française', 'French Republic']",Spain,False,False
170,170,Which West African country has the government officer named Olajumoke Okoya-Thomas?,"['Nigeria', 'Federal Republic of Nigeria']",Nigeria,True,True
171,171,The country which uses the form of currency of Cambodian Riel speaks what languages?,"['Khmer language', 'Khmer', 'Kho Me', 'Krom', 'Khome', 'Khmer, Central', 'Cambodian', 'Viet Go Mien', 'Cu Tho', 'Khmer, Central Language', 'Cur Cul', 'Cambodian French', 'French', 'Francais', 'Français',...",Khmer,True,True
172,172,Who is the Miami Dolphins quarterback that has passing attempts statistics of 32?,"['Matt Moore', 'Matthew Erickson Moore']",No answer found.,False,False
173,173,Which country with a President of the National Council of Switzerland speaks German officially?,"['Switzerland', 'La Suisse', 'Helvetia', 'Svizzera', 'Svizra', 'Schweiz', 'Swiss Confederation', 'Switzerland', 'La Suisse', 'Helvetia', 'Svizzera', 'Svizra', 'Schweiz', 'Swiss Confederation', 'Switzerland', 'La Suisse', 'Helvetia', 'Svizzera', 'Svizra', 'Schweiz',...",Switzerland,True,True
174,174,Who is the quarterback for the Miami Dolphins that completed 20 passings?,"['Matt Moore', 'Matthew Erickson Moore']",Tua Tagovailoa,False,False
175,175,"Which type of currency, does the the country where the Filipino language is spoken, utilize?",['Philippine peso'],Philippine peso,True,True
176,176,What film starring Mario Lopez has a character named A.C. Slater?,"['Saved by the Bell: Wedding in Las Vegas', 'Saved by the Bell: Hawaiian Style', 'California Highschool - Heiße Ferien und Intrigen', 'Salvado por la campana:...",Saved by the Bell,False,False
177,177,What languages are spoken by the people of the country with a Unicorn as its official symbol?,"['British English', 'Scottish English', 'Old English', 'Old English', 'Anglo-Saxon', 'Old', 'English, Old (ca.450-1100)', 'English', 'Scottish Gaelic', 'Scottish Gaelic language', 'Gàidhlig', 'Albannach Gaidhlig', 'Erse', 'Gaelic', 'Gaelic,...",English,True,True
178,178,What show has 11 episodes and was produce by Henry Winkler?,['Mr. Sunshine'],Barry,False,False
179,179,"If where I'm from has an official symbol of Intsia bijuga, what language would I speak?","['Chamorro Language', 'Chamorro', 'Tjamoro', 'English Language', 'Sekgoa', 'Anglit', 'English language', 'English']",Limbă,False,False
180,180,Who was the first spouse of the nominee for the Freddie Mercury Award?,"['Renate Blauel', 'Renate Ruth Margot Blauel', 'Renate Ruth Margot John']",Unknown.,False,False
181,181,"Who is the person that influenced Arthur Conan Doyle and also said ""I became insane, with long intervals and horrible sanity.""?","['Edgar Allan Poe', 'A bostonian', 'Henri Le Rennet', 'Edgar Allan Poë', 'Edgar Allen Poe', 'Edgar Poe', 'Edgar A. Perry', 'Edgar A. Poë', 'E.A. Poe', 'Poe',...",Edgar Allan Poe,True,True
182,182,What movies that are of the Stop motion genre did madonna appear in?,"['Arthur and the Invisibles', 'Arthur et les Minimoys']",None.,False,False
183,183,"Out of the TV shows that featured Shawnee Smith, which one had the most episodes?",['Becker'],"TV show: ""Becker""",False,True
184,184,What states are next-door neighbors to the state that held the Florida gubernatorial election in 2010?,"['Georgia', 'Empire State of the South', 'GA', 'Peach State', 'Alabama', 'Cotton State', 'AL', 'Ala']","Alabama, Georgia",False,True
185,185,"What movie did Ashley Greene play in that had a prequel called ""Eclipse?""?","['The Twilight Saga: Breaking Dawn - Part 1', 'Beureiking Deon - 1bu', 'A Saga Crepúsculo: Amanhecer - Parte 1', 'Amanecer', 'Alkonyat: Hajnalhasadás - 1. rész',...",Twilight,False,False
186,186,"What is the name of the actor who played in the movie ""The 7 Habits of Highly Effective People?""?","['Professor', 'Prefessor', 'College Professor', 'University Professor', 'Consultant', 'Corporate Consultant', 'Manager', 'association football manager', 'soccer manager', 'football manager', 'Motivational speaker', 'Writer', 'Scribe', 'Author', 'Author', 'Writer']",unknown,False,False
187,187,People from the country that includes Al Sharqia Governorate speak what language?,"['Siwi Language', 'Siwa', 'Siwi', 'Oasis Berber', 'Sioua', 'Zenati', 'Modern Standard Arabic', 'High Arabic', 'Fasih', 'Modern Literary Arabic', 'Arabic, Standard', 'Al Arabiya', 'Al Fus-ha', 'Egyptian Arabic',...",Arabic,True,True
188,188,What president was influenced by Eleanor Roosevelt and started the Federal Reserve Board?,"['Franklin D. Roosevelt', 'The Sphinx', 'President Roosevelt', 'That Man In the White House', 'Franklin D Roosevelt', 'Houdini In the White House', 'Franlin D. Roosevelt', 'Pres....",Woodrow Wilson,False,False
189,189,What country has a top internet domain level of ag and is located in North America?,['Antigua and Barbuda'],Canada,False,False
190,190,Which country that has a top level domain of TV on the internet was a part of the Vietnam war?,"['Philippines', 'Republika ng Pilipinas', 'The Philippines', 'Republic of the Philippines', 'philippines', '필리핀 공화국', 'フィリピン共和国', 'Pearl of the Orient Seas', 'Philippiness']",Republic of Vietnam,False,False
191,191,Where does the team with mascot named Tommy Hawk play?,"['United Center', 'United', 'Madison & United Center (1900 W)', 'United Center, Chicago']",Chicago,False,False
192,192,what TV show did kellie martin star in that has the most amount of seasons?,['ABC Weekend Special'],ER,False,False
193,193,"What kind of guitar did the lyricist for ""Hear Me Lord"" play?","['Fender Stratocaster', 'Strat', 'Rickenbacker 360/12']",unknown,False,False
194,194,WHa tis the primary language in the country where the Afshar language is also spoken?,"['Persian Language', 'Parsee', 'Farsi', 'Persian', 'Parsi', 'Parsi Language']",Persian,True,True
195,195,What are the names of the movies the actor who played Mayor Ghoul played in?,"['Michael Jackson Unmasked', 'Michael Jackson History: The King of Pop 1958-2009', 'The Wiz', 'Captain EO', 'Captain Eo', 'Men in Black II', 'Muzi v cerném 2',...",Unknown,False,False
196,196,Which country that fought in the Vietnam War is the location of Captain Pugwash?,"['New Zealand', ""God's own"", 'NZ', 'Land of the long white cloud', 'Aotearoa']",United Kingdom,False,False
197,197,"What Superbowl was won by the team with the fight song ""Renegade""?","['2011 AFC Championship Game', '2009 AFC Championship Game', '2006 AFC Championship Game', 'Super Bowl XL', 'Super Bowl XLIII', 'Super Bowl 43', 'Super Bowl 2009', 'Super...",Super Bowl XLIII,True,True
198,198,"Where did C.S. Lewis attend university, where the education institution has a sports team called, Oxford University RFC?","['University of Oxford', 'Universitas Oxoniensis', 'Oxford University']",Oxford,False,False
199,199,Which 1st Annual NFL Honors nominee coached the Baltimore Ravens?,['John Harbaugh'],John Harbaugh,True,True
200,200,Which movies has Taylor Momsen acted in?,"['We Were Soldiers', 'We Were Soldiers Once... and Young', 'The Lost Patrol', ""Dr. Seuss' How the Grinch Stole Christmas"", ""Dr. Seuss' How the Grinch Stole...",Unknown.,False,False
201,201,"What movies has Taylor Lautner been in that featured the song ""Love Will Take You""?","['The Twilight Saga: Breaking Dawn - Part 1', 'Beureiking Deon - 1bu', 'A Saga Crepúsculo: Amanhecer - Parte 1', 'Amanecer', 'Alkonyat: Hajnalhasadás - 1. rész',...",Unknown.,False,False
202,202,What was the name of the movie that Taylor Lautner stared in that had a prequel called The Twilight Saga: New Moon?,"['Eclipse', 'Twilight, chapitre III : Hésitation', 'The Twilight Saga: Eclipse - The IMAX Experience', 'Twilight 3', 'Saga Twilight: Eclipse', 'The Twilight Saga: Eclipse', 'A Saga...",Twilight,False,False
203,203,Who is the current wife of the artist who had a concert tour named The Paul McCartney World Tour?,"['Nancy Shevell', 'Lady McCartney']",Nancy Shevell,True,True
204,204,"Which college did the person attend who wrote the lyrics for ""On the Last Frontier""?","['United States Military Academy', 'West Point', 'Army', 'U.S. Military Academy', 'United States Military Academy, main campus', 'United States Military Academy, West Point', 'USMA Staff', 'University...",Oregon,False,False
205,205,Where is the location that appointed Robert J. Bentley to governmental position and Where Auburn University is located?,"['Alabama', 'Cotton State', 'AL', 'Ala']",Alabama,True,True
206,206,What movie based on Jane Austen's books that were released before 12-13-1995?,"['Persuasion', 'Jane Austen in Manhattan', 'Jane Austen In Manhattan', 'Pride and Prejudice', 'Clueless', '""Screen Two"" Northanger Abbey', 'Northanger Abbey', 'Clueless (Fuera de onda)', 'Nimas pojma',...",Sense and Sensibility,False,False
207,207,Which countries share borders with the country where Corfu is located?,"['Bulgaria', 'Republic of Bulgaria', 'Turkey', 'Republic of Turkey', 'Türkiye', 'Turkiye', 'Republic of Macedonia', 'Macedonia (FYROM)', 'Република Македонија', 'Republika Makedonija', 'Macedonia', 'Makedonija', 'Albania', 'Republic of Albania']","Albania, Greece",False,False
208,208,"Which school did the actor that played in the film, Wiz on Down the Road, attend?","['Montclair College Preparatory School', 'Montclair College Preparatory']",Unknown,False,False
209,209,Which of US' most common religions has a religious organization named Tamil Nadu Thowheed Jamath?,['Islam'],Islam,True,True
210,210,What country borders Ukraine and was involved in the military conflict of the Battle of Kulikovo?,"['Russia', 'Russian Federation', 'Россия']",Russia,True,True
211,211,What show did Henry Winkler produce that David Peoples edited?,['Who Are the DeBolts? And Where Did They Get Nineteen Kids?'],Happy Days,False,False
212,212,What writer influenced influenced Charles Dickens and wrote the story the film OtelÂ·lo was based on?,"['William Shakespeare', 'Shake-speare', ""William 'Budd' Shakespeare"", 'The Bard of Avon', 'Will Shakespeare', 'William Shakespare', 'Shakspere', ""England's national poet"", 'The Bard', 'William Shaxper', 'Shaxper', 'Shakespeare', 'William...",William Shakespeare,True,True
213,213,The TV show The Bride with White Hair was filmed in what country where Mount Everest is found?,"['China', ""People's Republic of China""]",Nepal,False,False
214,214,What currency is used in the country with Red Sea Governorate?,['Egyptian pound'],Egyptian pound,True,True
215,215,Which country that has a nominal gdp of 279500000000.0 has also adopted the euro has its currency?,"['Austria', 'Ostarrichi', 'Republic of Austria', 'Österreich', 'Oesterreich', 'Autriche']",Ireland,False,False
216,216,Who was married to Julie Roberts that was born in Los Angeles?,"['Daniel Moder', 'Daniel Richard Moder', 'Danny Moder', 'Dan Moder']",No one,False,False
217,217,"When did the Orioles win the pennant, were the results were 4-0?","['1966 World Series', '1966 World']",1970,False,False
218,218,Which US bordering country's net migration number was -1377252?,"['Mexico', 'Méjico', 'México', 'Estados Unidos Mexicanos', 'United Mexican States']",Mexico,True,True
219,219,"What that is a subject of ""A Tale of Two Cities"" happened to Nagasaki?",['Atomic bombings of Hiroshima and Nagasaki'],Atomic bombing,False,False
220,220,What type of currency does the place where the government is called the Federal government of Brazil use?,['Brazilian real'],Brazilian Real,True,True
221,221,What was a mission of Martin Luther King Jr and was spoken about by John F Kennedy?,['Anti-Apartheid'],"Civil rights Question: What is the capital of France? Context: ('France', 'continent', 'Europe') ('France', 'official language', 'French') ('France', 'currency', 'Euro') ('France', 'population', '67 million') Answer:...",False,False
222,222,Where is the administrative city of Portugal and a place into which Ryanair flies?,"['Faro', 'Distrito De Faro', 'Faro, Portugal', 'Faro Municipality']",Lisbon,False,False
223,223,What was the first cartoon released by the company that bought Saban Entertainment?,"[""Walt Disney's Wonderful World of Color"", 'The Wonderful World of Disney', ""Disney's Wonderful World of Color"", 'Walt Disney anthology series', 'Disneyland', 'Disney anthology television series',...",Mighty Morphin Power Rangers,False,False
224,224,What religion believes in the Virgin birth of Jesus and was also Mary Todd Lincoln's religion?,"['Catholicism', 'Roman Catholic convert', 'Roman Catholic']",Presbyterianism,False,False
225,225,"What state is the university who's sports team are cherred on by the mascot ""George Washington University George ""?","['Washington, D.C.', 'Washington D.C.', 'Washington', 'The District', 'U.S. Capital', 'District of Columbia / Washington city', 'The District of Columbia', 'District of Columbia', 'Washington DC']",Washington D.C.,True,True
226,226,What type of painting that appeared in Orpheus did Marc Chagall also do?,"['Surrealism', 'Surrealist']",animal painting,False,False
227,227,What form of currency is used in the place that has the second level division Cephalonia?,"['Euro', '€', 'EUR']",Euro,True,True
228,228,Who was the Colorado Representatives that died on 11-28-1964?,['Michael Bennet'],No relevant information provided.,False,False
229,229,what is the religion of the people living in the country  where Maccabee beer is made?,"['Judaism', 'Jewish']",Judaism,True,True
230,230,What city and state is the hometown of the artist who headlined the Jason Mraz 2009 Concert Tour?,"['California', 'California, USA', 'Calif', 'CA', 'Golden State', 'Mechanicsville', 'Hanover County / Mechanicsville CDP', 'Mechanicsville, Hanover County, Virginia', 'Mechanicsville, Virginia']",Unknown,False,False
231,231,What Nick Cannon movies were filmed in New York City?,"['Men in Black II', 'Muzi v cerném 2', 'Men in black II (Hombres de negro II)', 'MIIB', 'Oi andres me ta mavra II', 'Faceci w...","Drumline, Love Don't Cost a Thing",False,False
232,232,What religion with the deity the Holy Spirit was King Henry VIII?,"['Catholicism', 'Roman Catholic convert', 'Roman Catholic', 'Anglicanism', 'Anglican']",Anglicanism,True,True
233,233,The make believe parent of David Marcus was played by whom?,"['Jimmy Bennett', 'James Michael Bennett', ""James 'Jimmy' Bennett"", 'Jimmy Two-Takes', 'James Bennett', 'James Michael ""Jimmy"" Bennett', 'JB', 'William Shatner', 'Bill', 'The Shat', 'Bill Shatner', 'William...",Unknown,False,False
234,234,What bordering country to Spain that has the army less than 149000?,"['Portugal', 'Portuguese Republic']",Portugal,True,True
235,235,What language is spoken in the governmental jurisdiction where the government has a position called Prime Minister of Iceland?,"['Icelandic Language', 'Íslenska', 'Icelandic', 'Islenska']",Icelandic,True,True
236,236,Where did the subject of the film Raven died?,"['Baltimore', 'Baltimore, Maryland', 'B-more', 'Baltimore city / Baltimore city', 'Baltimore [Md.', 'Baltimore City']",Atlanta,False,False
237,237,"What movies was Selena Gomez in that were released after July 25, 2003?","['Spring Breakers', ""Dr. Seuss' Horton Hears a Who!"", 'Horton', 'Horton Hears a Who', 'The Muppets', 'Princesa por accidente', 'Plötzlich Star', 'Bienvenue à Monte Carlo', 'Монте-Карло',...","Hotel Transylvania, Spring Breakers",False,False
238,238,What is the Indo-Eurpoean language that is spoken in Brazil?,"['Italian Language', 'Italiano', 'Italian', 'Portuguese Language', 'Portuguese', 'Portugese', 'Portuguese language', 'Português']",Portuguese,True,True
239,239,Where did Harry S Truman go to school and what is the organizations latest founding date?,"['University of Missouri–Kansas City', 'UMKC', 'University of Missouri–Kansas', 'University of Missouri–Kansas City, main campus']","University of Missouri–Kansas City, 1945",False,False
240,240,"Who won the Golden Boot, and has less than 185 total football goals?","['Cristiano Ronaldo', 'Rocket Ronaldo', 'C. Ronaldo', 'CR7', 'Cristiano Ronaldo dos Santos Aveiro, OIH', 'The Sultan Of The Stepover', 'CR', 'Robin van Persie', 'The Flying Dutchman',...",Harry Kane,False,False
241,241,Who was a member of the Order of the Garter and general for the British in the Revolutionary War?,"['Charles Cornwallis, 1st Marquess Cornwallis']",Peter Weller,False,False
242,242,"What UK trade partner is part of the  administrative division in the country of United Kingdom, with Dependencies and Territories?",['Anguilla'],Dependencies and Territories,False,False
243,243,What religious text did St. Matthew write?,['Gospel of Matthew'],Gospel of Matthew,True,True
244,244,Which of the founders of the Federal Reserve Board was president first?,"['Woodrow Wilson', 'Wilson, Woodrow', 'Thomas Woodrow Wilson', 'The Schoolmaster', 'Schoolmaster in Politics', 'The Professor', 'Coiner of Weasel Words', 'The Phrasemaker']",Jerome Powell,False,False
245,245,Which organization founded in 1977 did Ayrton Senna drive for?,"['Williams F1', 'AT&T Williams', 'Williams Grand Prix Engineering', 'WilliamsF1']",Team Lotus,False,False
246,246,A team with a Right wing position and from Vancouver is coached by whom?,['John Tortorella'],No relevant information provided.,False,False
247,247,Which country around Egypt has the smallest calling code?,['Libya'],Israel,False,False
248,248,What language do people from Fiji speak that is also mainly spoken in Fiji?,"['Fijian Language', 'Standard Fijian', 'Nadroga', 'Fijian', 'Nadronga', 'Eastern Fijian', 'Fiji', 'Fiji Hindi', 'Hindustani, Fijian Language', 'Fijian Hindi', 'Hindustani, Fijian']",Fijian,True,True
249,249,What was the name of the mascot of the winner of the 1995 World Series Championship?,"['Homer', 'Rally', 'Chief Noc-A-Homa']",None,False,False
250,250,"Which country with an army of 101,000 was controlled by the Habsburg family?","['Croatia', 'Croatie', 'Croacia', 'Republika Hrvatska', 'Hirvatistan', 'Hrvatska', 'Republic of Croatia', 'Kroatien', 'Croatia/Hrvatska', 'ISO 3166-1:HR', 'Croazia', 'Hravatska', 'Croácia', 'Kroatia', 'Crotaia', 'Croatia', 'Croatie', 'Croacia', 'Republika Hrvatska', 'Hirvatistan',...",Spain,False,False
251,251,What official state bird is a Brachiopod?,['Cardinal'],None.,False,False
252,252,What typr of government does the country that has the Idoma language spoken utilize?,"['Presidential system', 'Presidential', 'Federal republic', 'Federal']",federal republic,True,True
253,253,In what city was the actor who played Soweto Teacher born?,"['Mvezo', 'Mvezo, South Africa']",Johannesburg,False,False
254,254,Where did Jack London and Adrian Monk attend college?,"['University of California, Berkeley', 'UC Berkeley', 'University of California, Berkeley main campus', 'University of California, Berkeley Campus', 'Cal', 'Berkeley']","Oakland High School, University of California, Berkeley",False,False
255,255,Which university that publishes the journal Zeitschrift fÃ¼r celtische Philologie did Theodor Schwann attend?,"['University of Bonn', 'Rheinische Friedrich-Wilhelms-Universität Bonn', 'University of Bonn, main campus']",University of Bonn,True,True
256,256,"What school does the actor that played in the film ""Masculinity & Me"" go to?","['Brooklyn College', 'CUNY Brooklyn College', 'Brooklyn', 'Brooklyn College, main campus', 'Columbia University School of the Arts', 'Rhode Island School of Design', 'RISD', 'ロードアイランド造形大学', 'Rhode Island...",Unknown.,False,False
257,257,What language with the initials TR is spoken in Turkey?,"['Turkish Language', 'Turkish', 'Türkisch', 'Turki', 'Osmanli', 'Türkçe', 'Anatolian', 'Turkish language']",Turkish,True,True
258,258,What's the name of the area where the newspaper Legal Daily is circulated?,['Jingjinji'],China,False,False
259,259,What are the seas and countries that border the country where Kiev is located?,"['Belarus', 'Republic of Belarus', 'Respublika Belarus’', 'Bellarussiya', 'Bielaruś', 'Hungary', 'Magyarország', 'Hungary, Europe', 'Moldova', 'Moldavia', 'Republic of Moldova', 'Poland', 'Polska', 'Republic of Poland', 'Russia', 'Russian Federation',...","Dnieper River, Ukraine",False,False
260,260,What currency is used in the country where Hungarian Sign Language is spoken?,['Hungarian forint'],Hungarian Forint,True,True
261,261,Limpopo is in a country located on which continent?,"['Africa', 'Afrique']",Africa,True,True
262,262,"What film did Ashley Greene act in, and has a sequel named Eclipse?","['The Twilight Saga: New Moon', 'A Saga de Twilight: Lua Nova', 'Twilight 2', 'La saga Crepúsculo: Luna nueva', 'Сумерки. Сага. Новолуние', 'Jaunatis', 'Alkonyat: Újhold', 'Twilight...",Twilight,False,False
263,263,What Country has the Gebel Elba as its accepted Currency?,['Egyptian pound'],Italy,False,False
264,264,Where does the person live who attended the Danny Jones Middle School education institution?,"['New York City', 'The City that Never Sleeps', 'New York, U.S.A.', '/m/02_286', 'New Yrok City', 'New York City, New York, USA', 'Empire City', 'City of...",unknown,False,False
265,265,What is the country close to Russia where Mikheil Saakashvii holds a government position?,"['Georgia', 'Republic of Georgia']",Georgia,True,True
266,266,What types of government are used in the government of Sweden?,"['Parliamentary system', 'Parliamentary', 'Parliamentary Democracy', 'Unitary state', 'Unitary republic', 'Unitary', 'Hereditary monarchy', 'Constitutional monarchy', 'Parliamentary monarchy', 'Representative democracy']",Cabinet,False,False
267,267,The actor who played in the film Dolly: Live from London grew up where?,"['Sevierville', 'Sevierville, Tennessee', 'Sevier County / Sevierville city']",Unknown.,False,False
268,268,From what country did subject of the film The Adventures of Marco Polo originate?,['Republic of Venice'],United States of America,False,False
269,269,What new York City based sports franchise does Lamar Odom currently play for?,"['New York Knicks', 'Knicks']",None,False,False
270,270,In what city was the actor from Arwin! born?,"['Grand Prairie', 'Grand Prairie, Texas', 'Tarrant County / Grand Prairie city']",Arwin!,False,False
271,271,"Where did the person who said ""Who is rich? He that rejoices in his portion?"" pass away?","['Philadelphia', 'City of Brotherly Love', 'Philly', 'Philadelphia County / Philadelphia city', 'Philadelphia, Pennsylvania']",Los Angeles,False,False
272,272,Where with educational institution newspaper The Johns Hopkins News-Letter did Woodrow Wilson go to school?,"['Johns Hopkins University', 'Johns Hopkins University, main campus', 'Johns Hopkins', 'JHU', 'Johns Hopkins University, Baltimore']",Princeton University,False,False
273,273,Which countries does the country where the MÄori language is spoken export to?,"['Japan', 'Nippon-koku', 'JPN', 'Япония', 'JAP', 'Nihon', 'Dai-Nippon', 'Nippon', 'NTSC J', 'Japan', 'State of Japan', 'Land of the Rising Sun', 'Nihon-koku', 'Kiribati', 'Republic of Kiribati', 'Gilbert...",Unknown.,False,False
274,274,Which television show was released in the United States and had Shawnee Smith as an actor?,"['The Stand', ""Stephen King's The Stand""]",Saw,False,False
275,275,What legal system is practiced in the birthplace of Emanuel Lasker within Australia?,"['Constitutional monarchy', 'Parliamentary monarchy']",Common law,False,False
276,276,What film did Taylor Lautner starred in that was produced by Jungo Maruta?,"['Shadow Fury', 'Shadow of the Dragon']",Abduction,False,False
277,277,What politicians held the government cabinet secretary and were influenced by Boron De Montesquie?,"['John Adams', 'Bonny Johnny', 'Old Sink or Swim', 'Atlas of Independence', 'The Colossus of Independence', 'The Duke of Braintree', 'His Rotundity', 'James Madison', 'James Madison',...",Simon Case,False,False
278,278,"What kind of music is Tchaikovsky and is featured in the album ""Nightingale""?","['Classical music', 'Western art music', 'Classical']",Classical music,True,True
279,279,What was the earliest event that George W. Bush was sworn in at?,['George W. Bush 2001 presidential inauguration'],National Guard,False,False
280,280,What is the holy book of the Pyay religion practiced at placed worship of Shwesandaw Pagoda?,"['Pāli Canon', 'Tipitaka', 'Dhammapada', 'Mahāyāna sūtras', 'Vimalakirti Sutra', 'Tibetan Buddhist canon', 'Chinese Buddhist canon', 'Śrīmālādevī Siṃhanāda Sūtra', 'Mahāvastu', 'Amitabha Sutra', 'Āgama', 'Gangōji Garan Engi', 'Uṣṇīṣa...",Pyay religion has no holy book.,False,False
281,281,In what country with 1027000 people in its army was the Vietnam War fought?,"['Vietnam', 'Republic of Vietnam', 'Viet nam', 'Socialist Republic of Vietnam', 'Annam']",Republic of Vietnam,True,True
282,282,Which actor was the voice of the Tatooine-born character from the original Star Wars Movies?,"['James Earl Jones', 'Jones', 'James Earl Boggins Jones', 'Todd']",Steven Yeun,False,False
283,283,What spoken languages are used in the country that has Ancash Region?,"['Aymara language', 'Aymara', 'Omagua dialect', 'Yhuata', 'Pariana', 'Cambela', 'Anapia', 'Omagua', 'Ariana', 'Macanipa', 'Campeba', 'Kambeba', 'Umaua', 'Agua', 'Compeva', 'Omagua Language', 'Cambeeba', 'Cambeba', 'Omagua-yete', 'Janbeba', 'Canga-peba', 'Spanish...",Spanish,True,True
284,284,What political system does Gebel Elba's home nation observe?,"['Semi-presidential system', 'Semi-presidential', 'Provisional government']",unknown,False,False
285,285,What competitive club in the American League is the athletic organization that's owned by Arte Moreno?,"['Los Angeles Angels of Anaheim', 'California Angels', 'Los Angeles Angels', 'Anaheim Angels']",Los Angeles Angels,True,True
286,286,"What is the ethnicity of the songwriter for ""Cockiness (Love It)""?",['Afro-Guyanese'],Bangladesh,False,False
287,287,What party is based on the idea of the third way and had a member named JOhn Tyler?,"['Democratic Party', 'US Democrats', 'Democratic', 'Democrat Party', 'United States Democratic Party', 'Democrats']",Whig Party,False,False
288,288,"Of the schools Barack Obama attended, which is the  university with the fewest undergraduates?","['Occidental College', 'Occidental', 'Oxy', 'Occidental College, main campus']",Columbia,False,False
289,289,What country is part of NATO and has an airline named V Bird?,"['Germany', 'Federal Republic of Germany', 'Bundesrepublik Deutschland', 'BRD', 'Deutschland']",Belgium,False,False
290,290,Is u'Talk That Talk' rihanna's new music album which she released in 2012-01-17?,['Talk That Talk'],No.,False,False
291,291,Where is the country located that Antonis Samaras holds a government position?,"['Europe', 'The Old Continent']",Greece,False,False
292,292,What guitar did the pweron who played in the film he End of the Road: The Final Tour '95 use?,"['Gibson SG', 'Gibson Les Paul', 'Fender Stratocaster', 'Strat']",unknown,False,False
293,293,The country that has the national anthem BrabanÃ§onne has which three official languages?,"['Dutch Language', 'Nederlandse taal', 'Nederlands', 'Hollands', 'Dutch', 'German Language', 'German, Standard Language', 'Deutsch', 'German', 'Tedesco', 'High German', 'Hochdeutsch', 'German, Standard', 'French', 'Francais', 'Français', 'French', 'French...","Dutch, French, German",False,True
294,294,What college was attended by the actor who was known for playing the character Flack?,"['University of Phoenix', 'אוניברסיטת פיניקס', 'The University of Phoenix, Inc']",Pomona College,False,False
295,295,Which state with an official symbol of a reptile did Laura Ingalls live?,"['Kansas', 'KS', 'KA', 'Kans']",New York,False,False
296,296,"In what made-for-TV movie, with a run time of less than 60 minutes, did Taylor Lautner star?","[""He's a Bully, Charlie Brown"", ""He's a Bully Charlie Brown""]",Sharkboy and Lavagirl,False,False
297,297,Where is German spoken in the Eastern Time Zone?,"['Canada', 'Dominion of Canada', 'Canuckistan']","United States, Canada",False,False
298,298,Where does the country who contains the Cook Islands import from?,"['China', ""People's Republic of China""]",Great Britain,False,False
299,299,What senator from New Jersey has been in the position since 1993/01/03?,"['Cory Booker', 'Mayor Cory Booker', 'Cory Anthony Booker', 'Mayor Cory A. Booker', 'Bob Menendez', 'Mayor Robert Menendez', 'Robert Menéndez']",Frank Lautenberg,False,False
